0xc02aaa39b223fe8d0a0e5c4f27ead9083c756cc2,Wrapped Ether
0x00000000219ab540356cbb839cbe05303d7705fa,Eth2 Deposit Contract
0xbe0eb53f46cd790cd13851d5eff43d12404d33e8,Binance 7
0x4ddc2d193948926d02f9b1fe9e1daa0718270ed5,Compound: cETH Token
0x53d284357ec70ce289d6d64134dfac8e511c8a3d,Kraken 6
0xc61b9bb3a7a0767e3179713f3a5c7a9aedce193c,Bitfinex: MultiSig 3
0x61edcdf5bb737adffe5043706e7c5bb1f1a56eea,Gemini 3
0xc098b2a3aa256d2140208c3de6543aaef5cd3a94,FTX Exchange 2
0xf66852bc122fd40bfecc63cd48217e88bda12109,Huobi 37
0xdc24316b9ae028f1497c275eb9192a3ea0f67022,Lido: Curve Liquidity Farming Pool Contract
0xe853c56864a2ebe4576a807d26fdc4a0ada51919,Kraken 3
0xdf9eb223bafbe5c5271415c75aecd68c21fe3d7f,Liquity: Active Pool
0x8484ef722627bf18ca5ae6bcf031c23e6e922b30,Polygon (Matic): Ether Bridge
0xa929022c9107643515f5c777ce9a910f0d1e490c,HECO Chain: Bridge
0xde0b295669a9fd93d5f28d9ec85e40f4cb697bae,EthDev
0x011b6e24ffb0b5f5fcc564cf4183c5bbbc96d515,Arbitrum: Bridge
0x220866b1a2219f40e72f5c628b65d54268ca3a9d,Vb 3
0x3bfc20f0b9afcace800d73d2191166ff16540258,Polkadot: MultiSig
0x07ee55aa48bb72dcc6e9d78256648910de513eca,Gemini: Contract 1
0xa7efae728d2936e78bda97dc267687568dd593f3,OKEx 3
0x66f820a414680b5bcda5eeca5dea238543f42054,Bittrex 3
0xbddf00563c9abd25b576017f08c46982012f12be,CONTRACT
0xf977814e90da44bfa03b6295a0616a897441acec,Binance 8
0x1db92e2eebc8e0c075a02bea49a2935bcd2dfcf4,CONTRACT
0xf774da4418c6dca3051f0e7570829b24214e730b,CONTRACT
0xa160cdab225685da1d56aa342ad8841c3b53f291,Tornado.Cash: 100 ETH
0xd69b0089d9ca950640f5dc9931a41a5965f00303,CONTRACT
0x7da82c7ab4771ff031b66538d2fb9b0b047f6cf9,Golem: MultiSig
0x0c23fc0ef06716d2f8ba19bc4bed56d045581f2d,CONTRACT
0x3dfd23a6c5e8bbcfc9581d2e864a68feb6a076d3,Aave: Lending Pool Core V1
0x78605df79524164911c144801f41e9811b7db73d,BitDAO: Treasury
0xcafea35ce5a2fc4ced4464da4349f81a122fd12b,CONTRACT
0x3262f13a39efaca789ae58390441c9ed76bc658a,CONTRACT
0x0a869d79a7052c7f1b55a8ebabbea3420f0d1e13,Kraken 2
0x25eaff5b179f209cf186b1cdcbfa463a69df4c45,Blockfolio
0x2faf487a4414fe77e2327f0bf4ae2a264a776ad2,FTX Exchange
0x376c3e5547c68bc26240d8dcc6729fff665a4448,Iconomi: MultiSig 1
0x11577a8a5baf1e25b9a2d89f39670f447d75c3cd,Fund: 0x115...3cD
0x3d4530082c3eb60f58af03f79b1ed3f40e591cd1,Golem: Foundation
0x1e2fcfd26d36183f1a5d90f0e6296915b02bcb40,Coinone 2
0xbf4ed7b27f1d666546e30d74d50d173d20bca754,WithdrawDAO
0x28c6c06298d514db089934071355e5743bf21d60,Binance 14
0xc1bf8f2acc5d5824974ce4c90a8438421150f753,CONTRACT
0x742d35cc6634c0532925a3b844bc454e4438f44e,Bitfinex 2
0xcb9225bb407bc585ffbb863dc924aad07c97af2c,CONTRACT
0x7e6ea81a68a2af50f64a37b3d6e50b1abb796da8,CONTRACT
0xb3764761e297d6f121e79c32a65829cd1ddb4d32,Multisig Exploit Hacker
0x4399f61795d3e50096e236a6d31ab24470c99fd5,CONTRACT
0x795cbc7a670d06e56cd2197d4ca175e081a416ad,CONTRACT
0x267be1c1d684f78cb4f6a176c4911b741e4ffdc0,Kraken 4
0xab7bb7959332888e44d795c6f28ee876a8469eaa,CONTRACT
0x802ea31c421ec79e8190cb68b699af3e3bc625fe,CONTRACT
0x755cdba6ae4f479f7164792b318b2a06c759833b,ExtraBalDaoWithdraw
0x631617282dae8672d63344d69f2c085df9f2dad5,CONTRACT
0xdca6ab9508d28c0eb7b120b8252041edcb56753f,CONTRACT
0xc4c319e2d4d66cca4464c0c2b32c9bd23ebe784e,CONTRACT
0x1e143b2588705dfea63a17f2032ca123df995ce0,CONTRACT
0x1342a001544b8b7ae4a5d374e33114c66d78bd5f,Gatecoin Hacker 2
0xd4914762f9bd566bd0882b71af5439c0476d2ff6,Gatecoin Hacker 1
0x4c9a2bd661d640da3634a4988a9bd2bc0f18e5a9,Bancor: Converter 571
0xd0ffc75e8000cba848d259b8d121a7bfcc13dce8,CONTRACT
0xc5424b857f758e906013f3555dad202e4bdb4567,CONTRACT
0x326d9f47ba49bbaac279172634827483af70a601,CONTRACT
0xea361043a14509fd3d1743dcefc861fa5a3c3018,CONTRACT
0x7758e507850da48cd47df1fb5f875c23e3340c50,CONTRACT
0x518b82370bc31ebb96922ec257d92517d7387615,CONTRACT
0xfbb23038fe6cfa16aa898d7dbca7c3269bdaf258,CONTRACT
0xaf56c2dde7d189670e005cd83170942f9a082a46,CONTRACT
0x95d4b793969d77b2dad3be61a3a1601263a45bb4,CONTRACT
0x5e0954a64834ed118e525770852e345f3bb9912b,CONTRACT
0x4ffb8d98d8f1f5ed1025f0e0aa7127753a87b6c1,CONTRACT
0xe1576685451986e3f93c2fb87cca3aec5b5d45d0,CONTRACT
0x7e677cacaae0d465cfd336869f1f575a48bf012a,CONTRACT
0x9fec89e34efaa4fc9f19c02f474c71373e6effe7,CONTRACT
0x333c100ae1a2743a1e55d73913cac6d95deb7f62,CONTRACT
0x2c8fbb630289363ac80705a1a61273f76fd5a161,OKEx 4
0x21346283a31a5ad10fa64377e77a8900ac12d469,iEXEC: MultiSig
0xae7ab96520de3a18e5e111b5eaab095312d7fe84,Lido: stETH Token
0xb8d2b921c0ea0ca27266fa63907a079ef25084d0,CONTRACT
0xa646e29877d52b9e2de457eca09c724ff16d0a2b,Status: Research & Development MultiSig
0xe25a329d385f77df5d4ed56265babe2b99a5436e,CONTRACT
0x74fea5583d51dc763a303609f4164b929e454af7,CONTRACT
0xf732a0fea0728e8b2303166da58c1a2c332ff7ab,CONTRACT
0x6262998ced04146fa42253a5c0af90ca02dfd2a3,Crypto.com
0x4ccf468e9daa56073a1d7004a36e3656900abe30,CONTRACT
0x059799f2261d37b829c2850cee67b5b975432271,Bitstamp 4
0x9a9bed3eb03e386d66f8a29dc67dc29bbb1ccb72,Bitstamp 3
0xaa06a9e8c44db313725f658a25f60df0ae5c1f72,CONTRACT
0x1bf68a9d1eaee7826b3593c20a0ca93293cb489a,Orbit Chain: Bridge
0xe825363f3bedabc95b2a9d42dbc73ec7b82b57d3,CONTRACT
0x0a98fb70939162725ae66e626fe4b52cff62c2e5,Huobi 36
0x04786aada9deea2150deab7b3b8911c309f5ed90,Gatecoin Hacker 4
0x111cff45948819988857bbf1966a0399e0d1141e,CONTRACT
0x0548f59fee79f8832c299e01dca5c76f034f558e,OTC: 0x054...58e
0xbf35faa9c265baf50c9cff8c389c363b05753275,CONTRACT
0xd24400ae8bfebb18ca49be86258a3c749cf46853,Gemini
0xd4f3d9a16b16cd6ef9d21449715861c346de700a,CONTRACT
0xcafe1a77e84698c83ca8931f54a755176ef75f2c,Aragon: MultiSig
0x8408b4ff79195dd2c1b903204b3b41becc4bb486,CONTRACT
0xdfd5293d8e347dfe59e90efd55b2956a1343963d,Binance 16
0xffc19fe32623c6aeccdbae37f631589a45196385,CONTRACT
0xeae57ce9cc1984f202e15e038b964bb8bdf7229a,Sollet: Solana Bridge
0x22650fcf7e175ffe008ea18a90486d7ba0f51e41,CONTRACT
0x8dc250d5403ba72cbeaf0ac40f7c61c6db3a9a20,CONTRACT
0x187c0e0aa33282096b39a33457939f1dc3ea8e0f,CONTRACT
0x27321f84704a599ab740281e285cc4463d89a3d5,CONTRACT
0x56eddb7aa87536c09ccc2793473599fd21a8b17f,Binance 17
0xaab0e04ca86e791b6a214028f09d0a87b36cb564,CONTRACT
0xb8e73ba7c6c0b50a0cd94fe9f6622762b0401c02,CONTRACT
0xf5c7fdc28f37d5bdb67bafb40bf0cc3827d24a34,CONTRACT
0xd6a062cae6123c158768a5c444ca0896cc60d6b1,CONTRACT
0x9696f59e4d72e237be84ffd425dcad154bf96976,Binance 18
0x4976a4a02f38326660d17bf34b431dc6e2eb2327,Binance 20
0xd793281182a0e3e023116004778f45c29fc14f19,Gate.io: Contract
0xbd02c51150a4ab6ce97b9de2025644594f3e75b8,CONTRACT
0x34ea4138580435b5a521e460035edb19df1938c1,Binance US 2
0xd884aca1897ac45515cee6d5fd48f341b4023ace,Hegic: Development Fund
0xfc91c862dbed337369015f5b244bee027fb135e4,CONTRACT
0xfe80804d2e3ab78a13ce90f45b2803cf9bbd1f51,CONTRACT
0x4c0907f7ad337635a7fd414a0c7a938e0d64bf4d,CONTRACT
0xfdd86a96f47015d9c457c841e1d52d06ede16a92,CONTRACT
0xcac725bef4f114f728cbcfd744a731c2a463c3fc,Huobi 34
0x2629bf288c3aedae8ddb3eb678df9f7ccc18711f,CONTRACT
0xf2d4766ad705e3a5c9ba5b0436b473085f82f82f,Coinhako: Warm Wallet
0xf326e4de8f66a0bdc0970b79e0924e33c79f1915,MetaMask: DS Proxy
0x43ab622752d766d694c005acfb78b1fc60f35b69,CONTRACT
0xa40dfee99e1c85dc97fdc594b16a460717838703,Kraken: Eth2 Depositor
0xbc9a9ac7dc36b1706732374bf632ef39fb6efbc3,CONTRACT
0x3e40d73eb977dc6a537af587d48316fee66e9c8c,Lido: Aragon Agent
0x1522900b6dafac587d499a862861c0869be6e428,Bitstamp 2
0xcccbef82d68be89c69c81bf6a81d249972971da5,CONTRACT
0x683f29acdc7db4299ee83dc2e3501bd296248128,CONTRACT
0xd7e2409f6c4f98e0bd9844e3a865d9e314eff8ca,CONTRACT
0xa910f92acdaf488fa6ef02174fb86208ad7722ba,Poloniex 4
0xfddc28932c4f3fb35620dfc159728fec425fec07,CONTRACT
0xe3031c1bfaa7825813c562cbdcc69d96fcad2087,Gopax: WBTC Merchant Deposit Address
0x997114ca0830e9bee7443368fa27f4af2d4e55a6,Plus Token Ponzi 2
0x3d9256ad37128e9f47b34a82e06e981719477c18,CONTRACT
0x7b596c8f1b4db131503eb4f4a06f81c99d47dae1,CONTRACT
0x21a31ee1afc51d94c2efccaa2092ad1028285549,Binance 15
0x6f3f68525e5edad6f06f8b0eae0dd7b9f695af13,CONTRACT
0x99c9fc46f92e8a1c0dec1b1747d010903e884be1,Optimism: Gateway
0x2a0c0dbecc7e4d658f48e01e3fa353f44050c208,IDEX
0x2910543af39aba0cd09dbb2d50200b3e800a63d2,Kraken
0xe2cde2af8d4c80028ae03f2abc3d0cbd4ffefe08,CONTRACT
0x24c3235558572cff8054b5a419251d3b0d43e91b,Etheroll: MultiSig 1
0xdc81b4b18881535ae033d924e6c9719348bdd3b8,CONTRACT
0x914b432dad9c29c081f93d84790919335bcbd33f,CONTRACT

0x8d12a197cb00d4747a1fe03395095ce2a5cc6819,EtherDelta 2
0xf9fb1c508ff49f78b60d3a96dea99fa5d7f3a8a6,Harmony: ETH Bridge
0x5b97a1cd49754878630524298296abcad2b4cc2d,CONTRACT
0x717e889671f07ac04b243b612b2eed394ff630ca,CONTRACT
0xc7cd9d874f93f2409f39a95987b3e3c738313925,Musiconomi: MultiSig
0x4ad341e493917167a99c6f0b7afefb7f081c70b2,CONTRACT
0x4f868c1aa37fcf307ab38d215382e88fca6275e2,CONTRACT
0x910cbd523d972eb0a6f4cae4618ad62622b39dbf,Tornado.Cash: 10 ETH
0xaab72305897ddf54ef56040e9181f29c668f1c6e,CONTRACT
0x23ea10cc1e6ebdb499d24e45369a35f43627062f,Digix: DGD ETH Refund
0x46e9b06d8e683e28a9b1ca7ced0afe3a4f7f0b29,CONTRACT
0x167a9333bf582556f35bd4d16a7e80e191aa6476,Coinone
0x876eabf441b2ee5b5b0554fd502a8e0600950cfa,Bitfinex 3
0xeb2629a2734e272bcc07bda959863f316f4bd4cf,Coinbase 6
0x36eed1a4dd70f0731dd20ef76c32345185a8a042,CONTRACT
0x764c64b2a09b09acb100b80d8c505aa6a0302ef2,Truebit Protocol: Purchase
0x3eb01b3391ea15ce752d01cf3d3f09dec596f650,Kyber: MultiSig
0xcc6fcfb8b3988043e382a481d6bf482d68897024,CONTRACT
0x861f70cf6fe0ac8e15fad59685c14dfdf5d4f51e,CONTRACT
0x0632dcc37b1fabf2cad20538a5390d23c830962e,CONTRACT
0x4c766def136f59f6494f0969b1355882080cf8e0,Bitstamp 5
0x6de5bdc580f55bc9dacafcb67b91674040a247e3,ZKSwap: V2 Bridge
0x6a164122d5cf7c840d26e829b46dcc4ed6c0ae48,CoinDash: Token Sale
0x78f1dbb372cdd95d3a0dda99cf369e02e717f4f4,CONTRACT
0x5add8a02141bf53a7c5bc6ad5483ca17552e9c52,CONTRACT
0xd3621b7ea5062dbcf6daa333c24c651894c5d2ea,CONTRACT
0x07e677708b2f43ad38c0bb5b539c13992db42148,CONTRACT
0x0bc3807ec262cb779b38d65b38158acc3bfede10,Nouns DAO: Treasury
0xf5bec430576ff1b82e44ddb5a1c93f6f9d0884f3,Yobit.net
0x519b70055af55a007110b4ff99b0ea33071c720a,DXdao
0xc22fae86443aeed038a4ed887bba8f5035fd12f0,CONTRACT
0x000000000000000000000000000000000000dead,Black Hole: 0x000...dEaD
0x0c295c085cae9c6278df49477d29f71d78c5490d,Sparkster: Wallet
0xf60c2ea62edbfe808163751dd0d8693dcb30019c,Binance US 3
0xe8bfdf8f47b35418c73af2a2bc4d0d12488e93c5,CONTRACT
0xbcf1c6f10534a69576803fe9a1b4076af9af0fdc,CONTRACT
0xc78310231aa53bd3d0fea2f8c705c67730929d8f,SingularDTV: Wallet
0x3ad2fcd6a2ce246e890826c9bcca20f06ce11083,CONTRACT
0x441d3663b321fd828350411641d7c9d57a183fcb,CONTRACT
0x0000000000000000000000000000000000000000,Black Hole: 0x000…000
0x46340b20830761efd32832a74d7169b29feb9758,Crypto.com 2
0x55c536da641436e81d7e3f83d1b1346de20e7a71,Whiteheart: Deployer
0x54896f542f044709807f0d79033934d661d39fc1,CONTRACT
0x121effb8160f7206444f5a57d13c7a4424a237a4,CONTRACT
0x3a61da6d37493e2f248a6832f49b52af0a6f4fbb,CONTRACT
0x51b4f830ae487528abaf874be1f5a948cff0a0b8,CONTRACT
0xd4fcc07a8da7d55599167991d4ab47f976d0a306,CONTRACT
0x686e5ac50d9236a9b7406791256e47feddb26aba,Metronome: Autonomous Converter
0x88e343f4599292c2cffe683c1bb93cd3480bdbab,PXN: Cold Wallet
0x1692e170361cefd1eb7240ec13d048fd9af6d667,KuCoin 5
0x198da095ca056c066e838eeef10caedbd81a5a08,CONTRACT
0x674bdf20a0f284d710bc40872100128e2d66bd3f,Loopring: Exchange v2 Deposit
0xfbb1b73c4f0bda4f67dca266ce6ef42f520fbb98,Bittrex
0x000000000000006f6502b7f2bbac8c30a3f67e9a,CONTRACT
0x4745737d43f655a9c70b47a5e552ee2b0850f620,CONTRACT
0x75a03ec24bf95f68a749d833a2efde50db7a6192,CONTRACT
0x10abe2494e4525f8cd2bac772671f0e1a44c6975,CONTRACT
0x0999127b4d58bebe564405a37c6e0cd40da4e90b,CONTRACT
0x923f3958f05395568e98fee5a647be489565fe64,CONTRACT
0x47849c4321fe5efc1954c5749568d3f8c4481b3e,CONTRACT
0x7b8ffa4fe43d1b476cff9d0787fc0019ca54e421,CONTRACT
0x3924435577d67066120589afdfbd14232eab2b7a,CONTRACT
0x905315602ed9a854e325f692ff82f58799beab57,Alpha Homora V2 Exploiter
0x741a816aec3b183d29117bad0906f1f15233c360,CONTRACT
0x354e1b45f31865132ca1c954c5b2ec9aa87c7fa8,CONTRACT
0x94fa70d079d76279e1815ce403e9b985bccc82ac,CONTRACT
0xd39988dd92ffd85b9ee2b6d05148140b0b9cdee6,CONTRACT
0x74db79268e63302d3fc69fb5a7627f7454a41732,CONTRACT
0x00d681a7b6584f978f63c81cfd847064ce19a080,CONTRACT
0x88aa042c4aae423e0f1bb48542b473d1dd20a807,CONTRACT
0x592a94353879a5bc2a50f0cd5037b7a91e3f5aef,CONTRACT
0xc535219f03f84cccf9e92463fac7c6ce5d13845f,CONTRACT
0x6dd5a9f47cfbc44c04a0a4452f0ba792ebfbcc9a,Santiment: Wallet 2
0xb47e3cd837ddf8e4c57f05d70ab865de6e193bbb,CryptoPunks: Ͼ Token
0x85270ba7bc7a3bfba20b493be6b539ffc58bf3fb,CONTRACT
0x4ad64983349c49defe8d7a4686202d24b25d0ce8,KuCoin 4
0xa96a65c051bf88b4095ee1f2451c2a9d43f53ae2,CONTRACT
0x16a0772b17ae004e6645e0e95bf50ad69498a34e,CONTRACT
0x9d217bcbd0bfae4d7f8f12c7702108d162e3ab79,Bloom: MultiSig
0xbc270e1095403ba700e537cad46c3fabce5a7270,CONTRACT
0x1ad91ee08f21be3de0ba2ba6918e714da6b45836,Hiveon Pool
0xab0b0e235eb4637de1783d117532398f9b0b1740,CONTRACT
0xd7c810f6316f6b83ae3eeda44583e4a8a0ae95c4,CONTRACT
0x681ea99a65e6f392f0f5276af396ae8cad140e6d,Impact Theory Founder's Key: Deployer
0xd56180329a11400afdbeaa7bc0b7acf0291a433f,CONTRACT
0x4929a43b719c7ef1e6cf59337040a3fd869b3197,CONTRACT
0xe4657676423c9fcf899818b8e50195a0e3b2d3e3,CONTRACT
0xf4b00c937b4ec4bb5ac051c3c719036c668a31ec,Secret Network: Bridge
0x3e5dcce17765928400ee4a4b8905e1dd9f42a00f,Savedroid: Wallet
0x8d15971781e935b07a84b9c888a1ad72628a30f1,CONTRACT
0x19c30ad5ea4f7f9f36a8662b5fa2cbc09e55fded,CONTRACT
0x4c854e15c2acbe3a505dc33eb6b72b8fc8a0ff00,CONTRACT
0xa43a5fa43f1c4fe1211508494ec85b6c72202a00,CONTRACT
0xdb0e7d784d6a7ca2cbda6ce26ac3b1bd348c06f8,CONTRACT
0x2752ceb98e64a2423f79ab552d71fdbee72ef4a5,CONTRACT
0x6c40df073960a3dc65b409c30895008c0c6850e9,CONTRACT
0x6decd32f5a2ab9b43bc6ad8923eb6d2395de145b,CONTRACT
0xf5c27c6fe782cbb5c85989ea3e75754748153459,CONTRACT
0xd08c3a59725e81485fd70c44f6cb0bf03ee9a1ac,CONTRACT
0x03e4b00b607d0980668ca6e50201576b00000000,imbrex: Wallet
0x069a3f90b0129e22c5c4a4e10ed667ad2578ef40,CONTRACT
0x4905288e14f8f8ad21fa1662943475ccd2072651,CONTRACT
0x535b4f8494d372a5e5a8f27fa6d20087263066f0,CONTRACT
0xef110ca3c34a5074d455d687ac98f40c03d16173,CONTRACT
0x8ca24021e3ee3b5c241bbfcee0712554d7dc38a1,CONTRACT
0xbc7c714fb8e2134dc657e0a7c1ef0aeaf929cf23,CONTRACT
0x736e5ecea6941dad88c38f9a2dbef6f57fefe6f5,CONTRACT
0x61fa1ec0a0ce383ae6d60f2dc6257881cf5e7a61,CONTRACT
0x67df244584b67e8c51b10ad610aaffa9a402fdb6,Foundation: Treasury
0x3842872545a9ba25fea0805cb34e83efde15e1f8,CONTRACT
0xa03d3611b34c3c49dbcb8206ed08fe6467f684a5,SwissBorg 2
0x6e011e100c10ebaad634214523bcf3bf61dd22bd,CONTRACT
0x2feff41e5a7e36448794341881dc7434b197110f,CONTRACT
0x47ce0c6ed5b0ce3d3a51fdb1c52dc66a7c3c2936,Tornado.Cash: 1 ETH
0x720d8790666bd40b9ca289cbe73cb1334f0ae7e3,CONTRACT
0xa02fa61ef0dea3d5ec5decf1c1a69e45c070fe3e,CONTRACT
0x6c76bb6843c2ed9a5ad484edc9fecba5cd80b6a0,CONTRACT
0xba20996529d2722c4d9d800a7b20e96a0a235336,CONTRACT
0x17305f0e18318994a57b494078cac866a857f7b6,CONTRACT
0xd1669ac6044269b59fa12c5822439f609ca54f41,CoinList 1
0x1f3621d2d57ee42d3e0cc0aa42156d0c3f7744a5,CONTRACT
0x8e3a4a7208aa489cc0a1c7290070811b07e60c87,CONTRACT
0x0000006daea1723962647b7e189d311d757fb793,Wintermute 1
0x260ee8f2b0c167e0cd6119b2df923fd061dc1093,YouHodler
0xb9ee1e551f538a464e8f8c41e9904498505b49b0,Coinex
0x729488d15a1b397cbd96cc02e2803af64390f44c,CONTRACT
0x611234fe0d32e298ab8c283df6f8bfba4c5deaf4,CONTRACT
0xf9440930043eb3997fc70e1339dbb11f341de7a8,CONTRACT
0xf1af6f01fd9626c851b7dea6810ee388dea5c846,CONTRACT
0x5f6c15dfebc6e69acf13d9012b577ab70db38097,CONTRACT
0x42fcdbd8c71485bab2b57f562ada84032188edbe,CONTRACT
0x3de0c040705d50d62d1c36bde0ccbad20606515a,CONTRACT
0xa03d3611b34c3c49dbcb8206ed08fe6467f684a5,SwissBorg 2
0xeefea562812d5aad3a56ace1ba1238423a843c66,CONTRACT
0x52bc44d5378309ee2abf1539bf71de1b7d7be3b5,Nanopool
0xf5c9f957705bea56a7e806943f98f7777b995826,Sorare: L2 Bridge
0x375203d21e61b477b4577840ec538c008c12e2ec,CONTRACT
0xbba4c8eb57df16c4cfabe4e9a3ab697a3e0c65d8,CONTRACT
0x06a4ef39e077471214e4a8bfa0cbbe34e88849a2,CONTRACT
0xb3b7874f13387d44a3398d298b075b7a3505d8d4,Babel Pool
0x0cb1d4a24292bb89862f599ac5b10f42b6de07e4,CONTRACT
0xb9cae3a1b5b204a83f34efdee17d0354d11d0d9c,CONTRACT
0xb8901acb165ed027e32754e0ffe830802919727f,CONTRACT
0x49eafa4c392819c009eccdc8d851b4e3c2dda7d0,CONTRACT
0xde2a73bf317ca680126692c7381da254a24e04bc,CONTRACT
0xf0f266f7a481a15607b11d171760d96dcc16e4ed,CONTRACT
0xabea9132b05a70803a4e85094fd0e1800777fbef,zkSync
0x32d16878415bb29a3dc11b426e77450eba6ad2a5,CONTRACT
0x8d15f64920dda38883b0bb44129c1f660392e167,CONTRACT
0xcf60916b6cb4753f58533808fa610fcbd4098ec0,CONTRACT
0xbe17d91c518f1743aa0556425421d59de0372766,CONTRACT

0xb9ee1e551f538a464e8f8c41e9904498505b49b0,Coinex
0xd4dcd2459bb78d7a645aa7e196857d421b10d93f,Peatio
0x70ece0322a86e5e10c5afe07b03680f5c183b592,CONTRACT
0x13000c4a215efe7e414bb329b2f11c39bcf92d78,BiFi Finance: ETH Wallet
0xb59a226a2b8a2f2b0512baa35cc348b6b213b671,CONTRACT
0xdd9fd6b6f8f7ea932997992bbe67eabb3e316f3c,CONTRACT
0x12267aefd8bb461817df348ce16c933e76c1aa0d,CONTRACT
0xbd1b15e62dbb95cf0ad4b7fba0396193502b9b21,CONTRACT
0xa12431d0b9db640034b0cdfceef9cce161e62be4,HitBTC 3
0xfb633f47a84a1450ee0413f2c32dc1772ccaea3e,CONTRACT
0x5fdcca53617f4d2b9134b29090c87d01058e27e9,Immutable X: Bridge
0x70747df6ac244979a2ae9ca1e1a82899d02bbea4,Cream Finance Flash Loan Exploiter 3
0x921760e71fb58dcc8de902ce81453e9e3d7fe253,Cream Finance Flash Loan Exploiter 2
0x102a6df6e708aab763dcb0f4e7825291a98c26fa,CONTRACT
0x2ad302574e58e263861c973618ba736d6b8fbc92,CONTRACT
0xed46a65c56c63d632aee7652fb766a548b230578,CONTRACT
0x9a67f1940164d0318612b497e8e6038f902a00a4,CONTRACT
0x5aca07704bf1cc640ca750303404d4c766c90632,CONTRACT
0xf72f6fba7d55b00c25f2e5205e6bca9aaa470434,CONTRACT
0x7f101fe45e6649a6fb8f3f8b43ed03d353f2b90c,Flexpool.io
0x00192fb10df37c9fb26829eb2cc623cd1bf599e8,2Miners: PPLNS
0xf4e11b89519eccd988a56749f1c64ad9bfe0298f,CONTRACT
0x2feff41e5a7e36448794341881dc7434b197110f,CONTRACT
0xea674fdde714fd979de3edf0f56aa9716b898ec8,Ethermine
0xb911c9ab63600b84b17ef37720b332c73231e904,CONTRACT
0x2e6907a0ce523ccb5532ffea2e411df1eee26607,CONTRACT
0x68c4b7d05fae45bcb6192bb93e246c77e98360e1,Metronome: Proceeds
0xda12b368a93007ef2446717765917933cebc6080,CONTRACT
0x5acd75f21659a59ffab9aebaf350351a8bfaabc0,CONTRACT
0xecf8f87f810ecf450940c9f60066b4a7a501d6a7,WETH: Old Contract
0x98f0eccac8be6ca81565007e5f879a217fb1e316,CONTRACT
0x4d90c632adaa26168dbbd975e011f34066aced28,CONTRACT
0x2f383efbb5f8db7aada928d8471455ba3d0abe3b,CONTRACT
0xec0d3f28d37a3393cf09ee3ad446c485b6afdaa3,CONTRACT
0x41849f3bd33ced4a21c73fddd4a595e22a3c2251,CONTRACT
0xd1669ac6044269b59fa12c5822439f609ca54f41,CoinList 1
0x829bd824b016326a401d083b33d092293333a830,F2Pool Old
0x87a9678952b5d7a7bd450e4695d691e574e26a89,CONTRACT
0x2d151db1f70248b867afb2e24fa0d4bc2a209efb,CONTRACT
0x29d38fdf26d64fa799276e6615759d27db1f1fcd,CONTRACT
0x1485e9852ac841b52ed44d573036429504f4f602,CONTRACT
0xb8689b7910954bf73431f63482d7dd155537ea7e,Dopex: Multisig
0x5c8344bcdc38f1ab5eb5c1d4a35ddeea522b5dfa,Synthetix: Collateral Eth
0x6a159503e49ddb8e49659d6cacf5236ac4213d86,BitDAO: ByBit Contribution
0x1cf0df2a5a20cd61d68d4489eebbf85b8d39e18a,Rarible: Treasury
0x8dbb3efbb24ab5b47c60154253986e1d6a3211d0,CONTRACT
0xb3775fb83f7d12a36e0475abdd1fca35c091efbe,PowH3D
0xbb44e3349c23cc430cae6ebbaf0256c9f2a1872f,CONTRACT
0x33c0d33a0d4312562ad622f91d12b0ac47366ee1,CONTRACT
0x78e851c35326c9296485e9720d85cb3bd153b428,CONTRACT
0x30e311386fae6204dcd25b4189e1d69796241e38,CONTRACT
0x70fce97d671e81080ca3ab4cc7a59aac2e117137,CONTRACT
0x95151e4615c5c0924b918c85ad8d8a94d6644ab3,CONTRACT
0x283af0b28c62c092c9727f1ee09c02ca627eb7f5,ENS: ETH Registrar Controller
0xd757fd54b273bb1234d4d9993f27699d28d0edd2,KuCoin Pool
0xb3328e022586b768fa50914ee6509391c27ad636,CONTRACT
0x438ca770d0f79085fe7f21ba9e40a83e4feff77a,CONTRACT
0x8655d6bf4abd2aa47a7a4ac19807b26b7609b61d,CONTRACT
0xede62b9947636c75da2ad95efba47e3bf05df034,CONTRACT
0x15c19e6c203e2c34d1edfb26626bfc4f65ef96f0,Aeternity: Wallet
0xe4dee33b5e191af8b8610025af52b3e00f2d22cf,CONTRACT
0x12ec5befa9166fa327d4c345a93f0ac99dd2a7d8,Blox Staking: Eth2 Depositor
0xeb2629a2734e272bcc07bda959863f316f4bd4cf,Coinbase 6
0xd305a86468d6763b958f626a1c2ba20e603aba36,CONTRACT
0xe851048c101abbdac26615c44dcec4c051864125,CONTRACT
0xf5f34d5eda737c9d492dea3e6f50b25ff9614cca,CONTRACT
0xa2201234a4652a704f5539058ccb9ab6ebcd486b,CONTRACT
0xde21f729137c5af1b01d73af1dc21effa2b8a0d6,Gitcoin: MultiSig
0x55f4fd6c9062a9cd0110ead0b38b6080ee33c7fc,CONTRACT
0x8b2e100d96c528692c07b993e3276ef369fc4611,CONTRACT
0x69507896a93e249708809272d0fbbb08c0c61fff,CONTRACT
0x24d1adb297f2cb3e8bf487ac27cc5aea5ce88d0b,CONTRACT
0x1e7b450322e42b53d55abc795913537fd680fe0c,CONTRACT
0x73aa42f0f652abfd96403ad7c30257af5faddeee,CONTRACT
0x5d22045daceab03b158031ecb7d9d06fad24609b,DeversiFi 2
0x91b9d2835ad914bc1dcfe09bd1816febd04fd689,GU: Capped Vault
0xa86a60d53e6f474e049be54824551bb99f05adee,Etheroll: MultiSig 2
0x723afe263831bcb56da4061896b7489d47781877,CONTRACT
0x8d1f2ebfaccf1136db76fdd1b86f1dede2d23852,CoinList 2
0x4d55f76ce2dbbae7b48661bef9bd144ce0c9091b,CONTRACT
0xd2eeb672c5c36163957f514a67b57a7c15826545,CONTRACT
0x6f38ba257f202ccfba9fc22c50d958508d8232a5,CONTRACT
0x2517c251c8edd3e6977051e6bb86cc7876d07667,CONTRACT
0x0da3cb3046f72fcbb49edf01b04ab6efc6c0d8dc,CONTRACT
0xeb2629a2734e272bcc07bda959863f316f4bd4cf,Coinbase 6
0x7c4b4bb0bb0fadbcb1c54ed55a3b4f1d456726c6,Bee Token: MultiSig
0xa1d65e8fb6e87b60feccbc582f7f97804b725521,DXDao: DXD Token
0x56099a588ad9515dd78f0f7dc831aa7d6897e9b7,CONTRACT
0x6ca33486eed915816560630b883a047c4e2b92df,Fake: Metadium Presale
0xf075f193d04f422407add89b60db9aa20fdbe56f,CONTRACT
0x4e154bd4f47d266569944a7bee0e9b1e03aba43b,CONTRACT
0x9a016ce184a22dbf6c17daa59eb7d3140dbd1c54,CONTRACT
0x41aeb72624f739281b12ade663791254f32db669,CONTRACT
0x860a80d33e85e97888f1f0c75c6e5bbd60b48da9,SuperRare: Treasury
0x167cb3f2446f829eb327344b66e271d1a7efec9a,CONTRACT
0x9068c2b43f44415e70ac8c556fd7994b05049b69,CONTRACT
0x8180d59b7175d4064bdfa8138a58e9babffda44a,CONTRACT
0xd4686214d58225f162ddec90d9fbf4e045f8e3f3,CONTRACT
0x64f12eff978b5ba5d6303de91a1f9b76a607223b,CONTRACT
0x3909336de913344701c6f096502d26208210b39f,CONTRACT
0x5b3256965e7c3cf26e11fcaf296dfc8807c01073,OpenSea: Wallet
0x3ecef08d0e2dad803847e052249bb4f8bff2d5bb,MiningPoolHub
0x52b8dc6816caf977d7728f0f235f40c6d1259f2f,CONTRACT
0x0f564a2a5fde73349890e86e9b2aa1639994bf2f,Storj: MultiSig 1
0xbba3c74a006f199193645e35a936b75b605cb2bc,CONTRACT
0x7891b20c690605f4e370d6944c8a5dbfac5a451c,LAToken 2
0x6e36c2a0aa630932762e25e4ef2999471a2169b1,CONTRACT
0x06570d48d31efb3fd66b7c4ee0c8dfdf43444605,CONTRACT
0x14bc856a8c11ee934fad2adf5e2cc289b019e398,CONTRACT
0x27a94869341838d5783368a8503fda5fbcd7987c,WePiggy: pETH Token
0x728ee922e3393fce0fb0fbfcd3185cf9fec51de2,CONTRACT
0x6de8989d64c3b926d46a9e86d87b4f2666f3717e,CONTRACT
0xddfabcdc4d8ffc6d5beaf154f18b778f892a0740,Coinbase 3
0xfe8ad7dd2f564a877cc23feea6c0a9cc2e783715,CONTRACT
0xbb025d470162cc5ea24daf7d4566064ee7f5f111,CONTRACT
0x976ecc7c22c4917f93f351d712365f42d06dd1be,CONTRACT
0xf7d58e6720696b8f46dc9270443d8beaeb8d9775,LinkerCoin: Wallet
0x67b66c99d3eb37fa76aa3ed1ff33e8e39f0b9c7a,Alpha Finance Lab: ibETH Token
0xd94ddd5059f8c54a7b215e8cb9466647d5383f8a,CONTRACT
0x5bdaf111601f62e2788127e55b23946bb49a936c,CONTRACT
0xf20b338752976878754518183873602902360704,F2Pool
0x19986fcfbc5ef9b9e377fa8429c5a8d215cbe814,CONTRACT
0x0162cd2ba40e23378bf0fd41f919e1be075f025f,CONTRACT
0xd52306eabc2be4e2dc8fbd1f929ac73008430f3f,LUKSO: MultiSig
0x8125afd067094cd573255f82795339b9fe2a40ab,CONTRACT
0xed617e55107ce96635d59dbfd2878632e56d7974,CONTRACT
0x36c5f7c3fab772209e427f525b1fffe8399fb201,CONTRACT
0x64258a72f6970e0a227f61a0ad337eba881d0b6e,CONTRACT
0x66be1bc6c6af47900bbd4f3711801be6c2c6cb32,CONTRACT
0x1dfd1be1c6e8ca4da3ccdbbcc83281db02a5f23e,CONTRACT
0x1e39fbf0c16a20f65613a4ed1baa088a8937b15c,CONTRACT
0xe82906b6b1b04f631d126c974af57a3a7b6a99d9,CONTRACT
0x7777f5103f1c275a1087e41b72093de9405b9303,CONTRACT
0x691e3cbb2a8f504fc650f21c9af6226051340559,SwissBorg 1
0x5683abc959c1f9b5b557433d72c63b964596691f,CONTRACT
0x109e588d17c1c1cff206acb0b3ff0aaeffde92bd,CONTRACT
0xf786c34106762ab4eeb45a51b42a62470e9d5332,CONTRACT
0x5d9f93a4e1a686e52c500d8ed81a4c220c33d03b,CONTRACT
0xc7c49f2cb8ec12012089f11a8dd5cadd3332ca5b,CONTRACT
0x10c6b61dbf44a083aec3780acf769c77be747e23,Anyswap: Moonriver Bridge
0x57608aafd4b21c608427ac89794fbdc33037c1cd,CONTRACT
0xe05268f9030a81871e2b91b29a296855076894eb,CONTRACT
0x45a36a8e118c37e4c47ef4ab827a7c9e579e11e2,AntPool 2
0x6492780dc59598c6f8a4984c6deffd4600ba0003,CONTRACT
0x35ffd6e268610e764ff6944d07760d0efe5e40e5,CONTRACT
0xf6551c22276b9bf62fad09f6bd6cad0264b89789,CONTRACT
0xb674cac98f179f2caf34d5cd37cf0a7f46690984,CONTRACT
0x2ac0e706b5a1e5ca0dcd35ca48d8cc9fe8183ad4,CONTRACT
0x3fd8462e467708e5d1dd4ad6becf4058d4ccbd8d,CONTRACT
0x380a19ac342f019f1fbb0c2470c2793a9c4bb8d5,CONTRACT
0x05b34bf3562c61715f70240104abc6ae8c80055c,CONTRACT

0x428b0e48c0e3f302cbd02e059df85a52d00c01bc,CONTRACT
0x4039e1c58b27298d92e69d5bf215378e4f8544a5,CONTRACT
0xc6d4ab7043f59dd9bfac40ebe10eecdc2b95ab08,CONTRACT
0x00f2b67b5a5ec2ff88b2be7d5a8d1a39d5929237,CONTRACT
0x91d65caf4b9562779e39a30ea492bd4b02a9acbb,CONTRACT
0x3e3c08a8c022b0fd7b90765a712885e3d5cca842,CONTRACT
0xdd2a08a1c1a28c1a571e098914ca10f2877d9c97,CONTRACT
0xaae014af95d811ad7dbff60209e74551a338f64c,CONTRACT
0x3fcb02a27dc60573a0cb9bff9528fcd77e78d734,CONTRACT
0xc253cbc67556e797fdb750a031d5e6208c423ad5,Guild of Guardians: Pre Sale
0x0708f87a089a91c65d48721aa941084648562287,Miner: 0x070...287
0x8b4334d4812c530574bd4f2763fcd22de94a969b,CONTRACT
0x9247ae45052f5cee8cb599cc00b6f6295cb794f6,CONTRACT
0x022609207888652fafc17a5e1304c1beecd35530,CONTRACT
0x0feccb11c5b61b3922c511d0f002c0b72d770dce,CONTRACT
0xa5e74626c383335e532017a9e4d44d7d503c7ce5,CONTRACT
0xa4e9f9415c915597211d5db194e66712c891cb98,CONTRACT
0x90982a6db6caa3ee2ed1a32428abbe1256344962,Bitlo Cold Wallet 1
0xdabd1639339caaee6dd1449475536f99f534a088,CONTRACT
0xe84a061897afc2e7ff5fb7e3686717c528617487,CONTRACT
0x55ca4b396927c323326eaa4a3a2743c59b231d06,CONTRACT
0x50b2cfb1a97e20458a5e3cbca629c24d18dee2d3,CONTRACT
0xe96a6a824b0d0eab75f42c954e8549e878917cbd,CONTRACT
0x6e405f9203a2d7f3e3bf38c332e7852d0ad76553,CONTRACT
0xe30ed74c6633a1b0d34a71c50889f9f0fdb7d68a,CONTRACT
0x65b0bf8ee4947edd2a500d74e50a3d757dc79de0,Nexo: WBTC Merchant Deposit Address
0x690f0581ececcf8389c223170778cd9d029606f2,CONTRACT
0x6b27e8c9840f7d5c9197344ce2a1dec1811fc423,CONTRACT
0xeea5b82b61424df8020f5fedd81767f2d0d25bfb,BTC.com Pool
0xd31a34d621122bebe0dee360e33bbe61193d5b90,CONTRACT
0xfc54787ab185526044cb1e0fb7d90cefbef8ca3b,CONTRACT
0x512851f212755f2b9117b6ed0943acd98680c173,CONTRACT
0x23c2c34f38ce66ccc10e71e9bb2a06532d52c5e9,CONTRACT
0x9f2df004713f8bf9b1daf14566d8c832fc010282,CONTRACT
0x16720400d99de846b2491c6f0ec80ba091e47553,CONTRACT
0xecee85b7d104fa3de8dfcc964f1f891a4a22a7c9,CONTRACT
0xf6e51ae30705cd7248d4d9ac602cb58cc4b61a52,CONTRACT
0xd341f357138dc3d1488e203a0138de71f4e0de63,CONTRACT
0x7c223e22738b1954866a8616f60769fd619e2a42,CONTRACT